cycle,pc,type,paddr,coreid,inst
0,001008c78,Read Request,007591410,0,3532602762001
0,000000000,Eviction (writable),37aecd400,1,3532602761916
0,ffffffff78d3fd04,Read Request,37ae83f50,0,3532602762001
0,000000000,Eviction (writable),354a83f40,1,3532602761954
0,ffffffff78d3fd18,Read Request,37ae83f80,0,3532602762001
0,000000000,Eviction (dirty),3c55b3f80,1,3532602761959
0,001008c78,Read Request,0075930c0,0,3532602762001
0,000000000,Eviction (writable),354b470c0,1,3532602761985
0,ffffffff78d3fcfc,Read Request,3591c6780,0,3532602762001
0,000000000,Eviction (writable),02ed56780,2,3532602761961
0,00133f764,Fetch Request,007f3f764,0,3532602762001
0,000000000,Eviction (clean),007e97740,4,3532602761902
0,00133f784,Fetch Request,007f3f784,0,3532602762001
0,000000000,Eviction (clean),007e97780,4,3532602761909
0,001326328,Fetch Request,007f26328,0,3532602762001
0,000000000,Eviction (clean),007eee300,4,3532602761915
0,001001504,Write Request,3e3c929a0,0,3532602762001
0,000000000,Eviction (dirty),3e2746980,4,3532602761923
0,001001540,Fetch Request,007c01540,0,3532602762001
0,000000000,Eviction (clean),007d31540,4,3532602761938
0,00104afe4,Write Request,0309c9d10,0,3532602762001
0,000000000,Eviction (writable),0ccac1d00,4,3532602761951
0,001326200,Fetch Request,007f26200,0,3532602762001
0,000000000,Eviction (clean),007f22200,4,3532602761966
0,00133f7c4,Fetch Request,007f3f7c4,0,3532602762001
0,000000000,Eviction (clean),007e977c0,4,3532602761980
0,00133f7f4,Read Request,0309f6278,0,3532602762001
0,000000000,Eviction (writable),181522240,4,3532602761984
0,00133f858,Fetch Request,007f3f858,0,3532602762001
0,000000000,Eviction (clean),3c2207840,4,3532602761988
0,001008c78,Read Request,0075d3250,0,3532602762001
0,000000000,Eviction (writable),39359b240,6,3532602761912
0,ffffffff78d3fd04,Read Request,36e24b9c0,0,3532602762001
0,000000000,Eviction (writable),0075ef9c0,6,3532602761950
0,ffffffff78d3fd1c,Read Request,36e252e58,0,3532602762001
0,000000000,Eviction (writable),39359ae40,6,3532602761956
0,ffffffff78a71efc,Read Request,383ec8e74,0,3532602762001
0,000000000,Eviction (dirty),3c6c9ce40,7,3532602761936
0,ffffffff78a71f10,Read Request,383ef5fc0,0,3532602762001
0,000000000,Eviction (writable),376ea5fc0,7,3532602761941
0,ffffffff78a71e40,Read Request,3be90b258,0,3532602762001
0,000000000,Eviction (clean),376c83240,7,3532602761979
0,ffffffff789d49fc,Write Request,3c6c9ce60,0,3532602762001
0,000000000,Eviction (writable),397f04e40,7,3532602761991
0,ffffffff78a71e40,Read Request,395607160,0,3532602762001
0,000000000,Eviction (writable),36fa17140,9,3532602761908
0,0012dffac,Fetch Request,007edffac,0,3532602762001
0,000000000,Eviction (clean),3c091ff80,11,3532602761924
0,001008aac,Read Request,009161c00,0,3532602762001
0,000000000,Eviction (clean),3c20c1c00,11,3532602761946
0,0012dffb4,Read Request,049ce0650,0,3532602762001
0,000000000,Eviction (dirty),3c5fe4640,11,3532602761953
0,0012dffc0,Fetch Request,007edffc0,0,3532602762001
0,000000000,Eviction (clean),007f3ffc0,11,3532602761956
0,0012e000c,Fetch Request,007ee000c,0,3532602762001
0,000000000,Eviction (clean),007e14000,11,3532602761957
0,00104afe4,Write Request,04b44f898,0,3532602762001
0,000000000,Eviction (clean),0075b7880,11,3532602761961
0,0012e0018,Read Request,04b44f9c8,0,3532602762001
0,000000000,Eviction (writable),3e27339c0,11,3532602761966
0,0012e001c,Read Request,04b44f810,0,3532602762001
0,000000000,Eviction (writable),3e2733800,11,3532602761967
0,0012e0040,Fetch Request,007ee0040,0,3532602762001
0,000000000,Eviction (clean),007f3c040,11,3532602761976
0,0012e008c,Fetch Request,007ee008c,0,3532602762001
0,000000000,Eviction (clean),007e14080,11,3532602762000
0,0012f2674,Read Request,113bac580,0,3532602762001
0,000000000,Eviction (dirty),39e290580,13,3532602761938
0,ffffffff78d3ff7c,Read Request,37236a320,0,3532602762001
0,000000000,Eviction (writable),372376300,14,3532602761903
0,ffffffff78d3fff0,Read Request,372368070,0,3532602762001
0,000000000,Eviction (dirty),3c5504040,14,3532602761932
0,ffffffff7e1223c4,Read Request,381647460,0,3532602762001
0,000000000,Eviction (dirty),081b5b440,15,3532602761916
0,ffffffff7e469240,Fetch Request,3c1059240,0,3532602762001
0,000000000,Eviction (clean),3c0b75240,15,3532602761923
0,ffffffff7e36b398,Fetch Request,3e9f5b398,0,3532602762001
0,000000000,Eviction (clean),3c0b73380,15,3532602761927
0,ffffffff7e36b3c0,Fetch Request,3e9f5b3c0,0,3532602762001
0,000000000,Eviction (clean),3c0b733c0,15,3532602761937
0,ffffffff7e36b3c8,Read Request,3c10fe8e8,0,3532602762001
0,000000000,Eviction (writable),3593968c0,15,3532602761939
0,001000c80,Fetch Request,007c00c80,0,3532602762001
0,000000000,Eviction (clean),3c0bacc80,15,3532602761943
0,001008b40,Fetch Request,007c08b40,0,3532602762001
0,000000000,Eviction (clean),3c0b74b40,15,3532602761953
0,001008b6c,Read Request,0075f6e00,0,3532602762001
0,000000000,Eviction (dirty),0970a6e00,15,3532602761964
0,001008b80,Fetch Request,007c08b80,0,3532602762001
0,000000000,Eviction (clean),3c0b74b80,15,3532602761969
0,ffffffff7edc0ae8,Fetch Request,0067b8ae8,0,3532602762001
0,000000000,Eviction (clean),3c0b74ac0,15,3532602761973
0,ffffffff7edc0af0,Write Request,3e8eaa99c,0,3532602762001
0,000000000,Eviction (writable),09d256980,15,3532602761975
0,ffffffff7edc0b00,Fetch Request,0067b8b00,0,3532602762001
0,000000000,Eviction (clean),3c0b74b00,15,3532602761979
0,ffffffff7e36b3e0,Read Request,3c10f6850,0,3532602762001
0,000000000,Eviction (writable),3be33e840,15,3532602761985
0,ffffffff7eddb2f0,Fetch Request,0057d32f0,0,3532602762001
0,000000000,Eviction (clean),3c0b732c0,15,3532602761988
0,ffffffff7eddb300,Fetch Request,0057d3300,0,3532602762001
0,000000000,Eviction (clean),3c0b73300,15,3532602761992
0,ffffffff78d3fd1c,Read Request,354a19c08,0,3532602762100
0,000000000,Eviction (writable),37a5ddc00,1,3532602762023
0,001008c78,Read Request,0075f1570,0,3532602762100
0,000000000,Eviction (writable),359251540,2,3532602762051
0,ffffffff78d3fd04,Read Request,37eeaea98,0,3532602762100
0,000000000,Eviction (writable),3541c6a80,2,3532602762089
0,ffffffff78d3fd18,Read Request,37eeaeac8,0,3532602762100
0,000000000,Eviction (writable),3532c6ac0,2,3532602762094
0,00133f880,Fetch Request,007f3f880,0,3532602762100
0,000000000,Eviction (clean),007e97880,4,3532602762004
0,001318b9c,Fetch Request,007f18b9c,0,3532602762100
0,000000000,Eviction (clean),3f12f4b80,4,3532602762008
0,001318bac,Read Request,0309f6280,0,3532602762100
0,000000000,Eviction (clean),02c832280,4,3532602762012
0,001318be0,Fetch Request,007f18be0,0,3532602762100
0,000000000,Eviction (clean),3f12f4bc0,4,3532602762015
0,001001504,Write Request,3e3c92860,0,3532602762100
0,000000000,Eviction (dirty),39e3ea840,4,3532602762017
0,001001524,Write Request,3e3c92880,0,3532602762100
0,000000000,Eviction (dirty),39e3ea880,4,3532602762025
0,00100154c,Write Request,3e3c928c0,0,3532602762100
0,000000000,Eviction (writable),3e27468c0,4,3532602762035
0,00133f898,Read Request,02c8322c0,0,3532602762100
0,000000000,Eviction (writable),1815222c0,4,3532602762069
0,001338e74,Fetch Request,007f38e74,0,3532602762100
0,000000000,Eviction (clean),007ed4e40,4,3532602762091
0,00133ff80,Fetch Request,007f3ff80,0,3532602762100
0,000000000,Eviction (clean),007cbbf80,4,3532602762096
0,00133ff80,Read Request,0309f6200,0,3532602762100
0,000000000,Eviction (dirty),39e3ea200,4,3532602762096
0,ffffffff78d3fd8c,Read Request,3c56176c0,0,3532602762100
0,000000000,Eviction (writable),39366f6c0,6,3532602762047
0,ffffffff78d3fd94,Read Request,3c5617700,0,3532602762100
0,000000000,Eviction (dirty),3e9603700,6,3532602762049
0,0012d1984,Fetch Request,007ed1984,0,3532602762100
0,000000000,Eviction (clean),3c0a31980,11,3532602762004
0,0012d19c0,Fetch Request,007ed19c0,0,3532602762100
0,000000000,Eviction (clean),007e119c0,11,3532602762032
0,0012d1a24,Fetch Request,007ed1a24,0,3532602762100
0,000000000,Eviction (clean),007c01a00,11,3532602762043
0,0012d1b58,Fetch Request,007ed1b58,0,3532602762100
0,000000000,Eviction (clean),007c01b40,11,3532602762045
0,0012d4e00,Fetch Request,007ed4e00,0,3532602762100
0,000000000,Eviction (clean),007f38e00,11,3532602762063
0,0012d4a98,Fetch Request,007ed4a98,0,3532602762100
0,000000000,Eviction (clean),007f38a80,11,3532602762072
0,0012d4aa4,Write Request,0c9bc1640,0,3532602762100
0,000000000,Eviction (dirty),3e2735640,11,3532602762075
0,0012d4ac0,Fetch Request,007ed4ac0,0,3532602762100
0,000000000,Eviction (clean),007f38ac0,11,3532602762082
0,00104b0f0,Read Request,04b44f7d8,0,3532602762100
0,0012f2674,Read Request,113bac5c0,0,3532602762100
0,000000000,Eviction (dirty),39e2905c0,13,3532602762066
0,ffffffff78a71f10,Read Request,383ef6920,0,3532602762100
0,000000000,Eviction (dirty),3c5502900,14,3532602762057
0,ffffffff78a71e40,Read Request,3be88e558,0,3532602762100
0,000000000,Eviction (writable),3977c2540,14,3532602762095
0,ffffffff7e36b400,Fetch Request,3e9f5b400,0,3532602762100
0,000000000,Eviction (clean),3c0b73400,15,3532602762005
0,ffffffff7e36b404,Read Request,3c10f01e8,0,3532602762100
0,000000000,Eviction (clean),0075bc1c0,15,3532602762006
0,ffffffff7eddb018,Fetch Request,0057d3018,0,3532602762100
0,000000000,Eviction (clean),007c07000,15,3532602762009
0,001002800,Fetch Request,007c02800,0,3532602762100
0,000000000,Eviction (clean),3c0baa800,15,3532602762011
0,001007308,Fetch Request,007c07308,0,3532602762100
0,000000000,Eviction (clean),3c0bab300,15,3532602762015
0,001007340,Fetch Request,007c07340,0,3532602762100
0,000000000,Eviction (clean),3c08ff340,15,3532602762029
0,001007348,Read Request,0275c0018,0,3532602762100
0,000000000,Eviction (writable),0075e4000,15,3532602762031
0,00100734c,Read Request,05c6a2188,0,3532602762100
0,000000000,Eviction (writable),381426180,15,3532602762032
0,001007374,Read Request,008031d30,0,3532602762100
0,000000000,Eviction (writable),0075cdd00,15,3532602762042
0,001007380,Fetch Request,007c07380,0,3532602762100
0,000000000,Eviction (clean),3c08ff380,15,3532602762045
0,0010073c0,Fetch Request,007c073c0,0,3532602762100
0,000000000,Eviction (clean),3c08ff3c0,15,3532602762058
0,0010073d4,Write Request,081b5bc10,0,3532602762100
0,000000000,Eviction (dirty),3c55bbc00,15,3532602762063
0,001007478,Fetch Request,007c07478,0,3532602762100
0,000000000,Eviction (clean),3c0b73440,15,3532602762073
0,001007480,Fetch Request,007c07480,0,3532602762100
0,000000000,Eviction (clean),3c0b4f480,15,3532602762075
0,0010074c0,Fetch Request,007c074c0,0,3532602762100
0,000000000,Eviction (clean),3c0b734c0,15,3532602762091
0,00104c408,Fetch Request,007c4c408,0,3532602762100
0,000000000,Eviction (clean),3c09c0400,15,3532602762094
0,00104c408,Read Request,05c6a2228,0,3532602762100
0,000000000,Eviction (writable),0075e6200,15,3532602762094
0,ffffffff78d3fd8c,Read Request,3c55b5740,0,3532602762200
0,000000000,Eviction (clean),37b4ed740,1,3532602762114
0,ffffffff78d3fd94,Read Request,3c55b5780,0,3532602762200
0,000000000,Eviction (writable),379dbd780,1,3532602762116
0,ffffffff78d3fdac,Write Request,3c55b5520,0,3532602762200
0,000000000,Eviction (writable),356285500,1,3532602762122
0,001008c78,Read Request,0075f21e0,0,3532602762200
0,000000000,Eviction (writable),00905a1c0,2,3532602762120
0,ffffffff78d3fd1c,Read Request,35883c830,0,3532602762200
0,000000000,Eviction (dirty),032f20800,2,3532602762158
0,00133ffc0,Fetch Request,007f3ffc0,0,3532602762200
0,000000000,Eviction (clean),007ecffc0,4,3532602762119
0,0012d679c,Fetch Request,007ed679c,0,3532602762200
0,000000000,Eviction (clean),007eee780,4,3532602762121
0,0012d679c,Read Request,0430f3cf0,0,3532602762200
0,000000000,Eviction (dirty),02fef7cc0,4,3532602762121
0,0012d67a0,Read Request,0ccac1ac0,0,3532602762200
0,000000000,Eviction (dirty),0c83a1ac0,4,3532602762122
0,0012144f8,Read Request,02c832320,0,3532602762200
0,000000000,Eviction (dirty),39e3ea300,4,3532602762182
0,001214500,Fetch Request,007e14500,0,3532602762200
0,000000000,Eviction (clean),007c74500,4,3532602762184
0,001214508,Read Request,02c8322a0,0,3532602762200
0,000000000,Eviction (dirty),39e3ea280,4,3532602762186
0,001214538,Read Request,03d0a2c78,0,3532602762200
0,001214540,Upgrade Request,03d0a2c78,0,3532602762200
0,0012d4b00,Fetch Request,007ed4b00,0,3532602762200
0,000000000,Eviction (clean),3c0a1cb00,11,3532602762112
0,0012d4b70,Fetch Request,007ed4b70,0,3532602762200
0,000000000,Eviction (clean),007c08b40,11,3532602762118
0,0011312a8,Fetch Request,007d312a8,0,3532602762200
0,000000000,Eviction (clean),007d9d280,11,3532602762120
0,0011312c0,Fetch Request,007d312c0,0,3532602762200
0,000000000,Eviction (clean),007d9d2c0,11,3532602762126
0,0011312cc,Read Request,0080f67b0,0,3532602762200
0,000000000,Eviction (clean),021fba780,11,3532602762129
0,001130afc,Fetch Request,007d30afc,0,3532602762200
0,000000000,Eviction (clean),007c08ac0,11,3532602762132
0,00104afe4,Write Request,0018584c0,0,3532602762200
0,000000000,Eviction (dirty),3c55284c0,11,3532602762149
0,001130b68,Read Request,0392de8e8,0,3532602762200
0,000000000,Eviction (dirty),3c6e9a8c0,11,3532602762165
0,0011312e4,Read Request,0018580bc,0,3532602762200
0,000000000,Eviction (writable),354b3c080,11,3532602762187
0,001131388,Fetch Request,007d31388,0,3532602762200
0,000000000,Eviction (clean),0027c1380,11,3532602762191
0,0012f2674,Read Request,113bac600,0,3532602762200
0,000000000,Eviction (dirty),39e290600,13,3532602762194
0,00104c434,Read Request,05c6a22c0,0,3532602762200
0,000000000,Eviction (writable),375e122c0,15,3532602762105
0,00104c440,Fetch Request,007c4c440,0,3532602762200
0,000000000,Eviction (clean),3c09c0440,15,3532602762108
0,00104c45c,Read Request,05c6a233a,0,3532602762200
0,000000000,Eviction (writable),3be012300,15,3532602762115
0,00114aeec,Fetch Request,007d4aeec,0,3532602762200
0,000000000,Eviction (clean),3c0b72ec0,15,3532602762122
0,00114af00,Fetch Request,007d4af00,0,3532602762200
0,000000000,Eviction (clean),361432f00,15,3532602762127
0,0012988ec,Fetch Request,007e988ec,0,3532602762200
0,000000000,Eviction (clean),3c0b748c0,15,3532602762133
0,00114af18,Read Request,09ca55408,0,3532602762200
0,000000000,Eviction (writable),3639b1400,15,3532602762136
0,00114af44,Fetch Request,007d4af44,0,3532602762200
0,000000000,Eviction (clean),361432f40,15,3532602762141
0,00114af78,Read Request,0275c04f8,0,3532602762200
0,000000000,Eviction (writable),2cef704c0,15,3532602762154
0,00114af80,Fetch Request,007d4af80,0,3532602762200
0,000000000,Eviction (clean),361432f80,15,3532602762156
0,00114afac,Read Request,0275c0508,0,3532602762200
0,000000000,Eviction (dirty),3c55bc500,15,3532602762167
0,00114afc0,Fetch Request,007d4afc0,0,3532602762200
0,000000000,Eviction (clean),361432fc0,15,3532602762172
0,00114b058,Fetch Request,007d4b058,0,3532602762200
0,000000000,Eviction (clean),007c07040,15,3532602762178
0,00114b07c,Read Request,0275c00e9,0,3532602762200
0,000000000,Eviction (dirty),3c55bc0c0,15,3532602762187
0,00114b080,Fetch Request,007d4b080,0,3532602762200
0,000000000,Eviction (clean),361433080,15,3532602762188
0,00104c480,Fetch Request,007c4c480,0,3532602762200
0,000000000,Eviction (clean),3c09c0480,15,3532602762195
0,ffffffff78d3fd8c,Read Request,3c5465580,0,3532602762300
0,000000000,Eviction (writable),378691580,2,3532602762249
0,ffffffff78d3fd94,Read Request,3c54655c0,0,3532602762300
0,000000000,Eviction (writable),0075915c0,2,3532602762251
0,001214558,Read Request,0225de220,0,3532602762300
0,000000000,Eviction (dirty),027c92200,4,3532602762205
0,001214560,Upgrade Request,0225de220,0,3532602762300
0,00119d288,Fetch Request,007d9d288,0,3532602762300
0,000000000,Eviction (clean),007ec9280,4,3532602762214
0,00119d2c0,Fetch Request,007d9d2c0,0,3532602762300
0,000000000,Eviction (clean),007d312c0,4,3532602762228
0,00103c1c0,Fetch Request,007c3c1c0,0,3532602762300
0,000000000,Eviction (clean),007e141c0,4,3532602762255
0,ffffffff788f5770,Fetch Request,3c08f5770,0,3532602762300
0,000000000,Eviction (clean),3c0919740,10,3532602762200
0,00103c1e0,Write Request,02f811b88,0,3532602762300
0,000000000,Eviction (clean),37a69db80,11,3532602762204
0,0012d4b80,Fetch Request,007ed4b80,0,3532602762300
0,000000000,Eviction (clean),007c08b80,11,3532602762245
0,001008aac,Read Request,0090e08c0,0,3532602762300
0,000000000,Eviction (dirty),3c55288c0,11,3532602762270
0,001008ac0,Fetch Request,007c08ac0,0,3532602762300
0,000000000,Eviction (clean),007ed4ac0,11,3532602762275
0,0012d4b94,Read Request,0331f9680,0,3532602762300
0,000000000,Eviction (dirty),047e69680,11,3532602762277
0,0012d4b98,Read Request,0309b3498,0,3532602762300
0,000000000,Eviction (writable),355257480,11,3532602762278
0,0012eb110,Fetch Request,007eeb110,0,3532602762300
0,000000000,Eviction (clean),3c1983100,11,3532602762284
0,0012eb114,Read Request,03b4ad860,0,3532602762300
0,000000000,Eviction (writable),0492cd840,11,3532602762285
0,0012eb128,Read Request,03b4ad640,0,3532602762300
0,000000000,Eviction (clean),0331fd640,11,3532602762290
0,001302410,Fetch Request,007f02410,0,3532602762300
0,000000000,Eviction (clean),007d3a400,11,3532602762291
0,001302414,Read Request,0394c4cd0,0,3532602762300
0,000000000,Eviction (dirty),36fe94cc0,11,3532602762292
0,0012eb140,Fetch Request,007eeb140,0,3532602762300
0,000000000,Eviction (clean),3c1983140,11,3532602762298
0,00104c4b0,Read Request,0080ea7a0,0,3532602762300
0,000000000,Eviction (dirty),3c5496780,15,3532602762207
0,00114228c,Fetch Request,007d4228c,0,3532602762300
0,000000000,Eviction (clean),3c091a280,15,3532602762210
0,001142290,Write Request,081b5bad8,0,3532602762300
0,000000000,Eviction (dirty),3c001bac0,15,3532602762211
0,0011422b4,Read Request,02ec9e4d8,0,3532602762300
0,000000000,Eviction (dirty),2cef524c0,15,3532602762220
0,0011422b8,Read Request,02c80abe8,0,3532602762300
0,000000000,Eviction (writable),00758abc0,15,3532602762221
0,0011422c0,Fetch Request,007d422c0,0,3532602762300
0,000000000,Eviction (clean),3c091a2c0,15,3532602762223
0,001219cb8,Fetch Request,007e19cb8,0,3532602762300
0,000000000,Eviction (clean),3c0ba9c80,15,3532602762228
0,001219cc0,Fetch Request,007e19cc0,0,3532602762300
0,000000000,Eviction (clean),3c0ba9cc0,15,3532602762230
0,0010bc304,Fetch Request,007cbc304,0,3532602762300
0,000000000,Eviction (clean),3c08e8300,15,3532602762232
0,0010bc308,Read Request,02ec9e6c8,0,3532602762300
0,000000000,Eviction (writable),375e126c0,15,3532602762233
0,00104bb90,Fetch Request,007c4bb90,0,3532602762300
0,000000000,Eviction (clean),3c085fb80,15,3532602762242
0,00104bc1c,Fetch Request,007c4bc1c,0,3532602762300
0,000000000,Eviction (clean),361503c00,15,3532602762248
0,00104bc1c,Write Request,081b5baa8,0,3532602762300
0,000000000,Eviction (clean),3c10b3a80,15,3532602762248
0,001142310,Fetch Request,007d42310,0,3532602762300
0,000000000,Eviction (clean),3c091a300,15,3532602762255
0,00104c128,Fetch Request,007c4c128,0,3532602762300
0,000000000,Eviction (clean),361504100,15,3532602762258
0,00104c154,Fetch Request,007c4c154,0,3532602762300
0,000000000,Eviction (clean),3c08e8140,15,3532602762265
0,001142340,Fetch Request,007d42340,0,3532602762300
0,000000000,Eviction (clean),3c091a340,15,3532602762272
0,001140290,Fetch Request,007d40290,0,3532602762300
0,000000000,Eviction (clean),3c08e8280,15,3532602762275
0,00113fbd0,Fetch Request,007d3fbd0,0,3532602762300
0,000000000,Eviction (clean),3c085fbc0,15,3532602762290
0,00119d300,Fetch Request,007d9d300,0,3532602762400
0,000000000,Eviction (clean),007c01300,4,3532602762302
0,00119d340,Fetch Request,007d9d340,0,3532602762400
0,000000000,Eviction (clean),3c0a31340,4,3532602762318
0,00119d38c,Read Request,0080ee3a8,0,3532602762400
0,000000000,Eviction (writable),181522380,4,3532602762337
0,001077cb8,Fetch Request,007c77cb8,0,3532602762400
0,000000000,Eviction (clean),007f1fc80,4,3532602762347
0,001077cc0,Fetch Request,007c77cc0,0,3532602762400
0,000000000,Eviction (clean),007c4bcc0,4,3532602762349
0,00119d3c0,Fetch Request,007d9d3c0,0,3532602762400
0,000000000,Eviction (clean),007d313c0,4,3532602762377
0,001296e30,Fetch Request,007e96e30,0,3532602762400
0,000000000,Eviction (clean),007c5ae00,4,3532602762378
0,001296ef4,Fetch Request,007e96ef4,0,3532602762400
0,000000000,Eviction (clean),007c5aec0,4,3532602762381
0,001296f00,Fetch Request,007e96f00,0,3532602762400
0,000000000,Eviction (clean),007eeef00,4,3532602762384
0,0012970a0,Fetch Request,007e970a0,0,3532602762400
0,000000000,Eviction (clean),007d4b080,4,3532602762394
0,ffffffff78d3fcfc,Read Request,3956071b8,0,3532602762400
0,000000000,Eviction (writable),370163180,9,3532602762347
0,0012d4bd4,Fetch Request,007ed4bd4,0,3532602762400
0,000000000,Eviction (clean),3c0920bc0,11,3532602762302
0,00131ed18,Fetch Request,007f1ed18,0,3532602762400
0,000000000,Eviction (clean),007d3ad00,11,3532602762307
0,00131ed40,Fetch Request,007f1ed40,0,3532602762400
0,000000000,Eviction (clean),007d3ad40,11,3532602762317
0,00131ecb0,Fetch Request,007f1ecb0,0,3532602762400
0,000000000,Eviction (clean),007d3ac80,11,3532602762318
0,00131ecb4,Write Request,0c9bc1540,0,3532602762400
0,000000000,Eviction (writable),009161540,11,3532602762319
0,00131ecc0,Fetch Request,007f1ecc0,0,3532602762400
0,000000000,Eviction (clean),007d3acc0,11,3532602762322
0,00131ecc0,Read Request,00815a680,0,3532602762400
0,000000000,Eviction (dirty),3c6e9a680,11,3532602762322
0,00131e9f8,Fetch Request,007f1e9f8,0,3532602762400
0,000000000,Eviction (clean),3e9f5a9c0,11,3532602762342
0,00131ea00,Fetch Request,007f1ea00,0,3532602762400
0,000000000,Eviction (clean),3614caa00,11,3532602762344
0,00131ea0c,Write Request,0c9bc1478,0,3532602762400
0,000000000,Eviction (clean),03e49d440,11,3532602762347
0,00131ea28,Read Request,00816f010,0,3532602762400
0,000000000,Eviction (dirty),03d0a3000,11,3532602762354
0,00131ea40,Fetch Request,007f1ea40,0,3532602762400
0,000000000,Eviction (clean),0057d2a40,11,3532602762360
0,00104afe4,Write Request,022e172c0,0,3532602762400
0,000000000,Eviction (writable),04b99b2c0,11,3532602762381
0,0012f2674,Read Request,113bac640,0,3532602762400
0,000000000,Eviction (writable),35cb90640,13,3532602762322
0,00113fc00,Fetch Request,007d3fc00,0,3532602762400
0,000000000,Eviction (clean),3c0babc00,15,3532602762301
0,00104afe0,Fetch Request,007c4afe0,0,3532602762400
0,000000000,Eviction (clean),3c0baafc0,15,3532602762309
0,00104afe4,Write Request,0080f93e8,0,3532602762400
0,000000000,Eviction (dirty),3c55bd3c0,15,3532602762310
0,001142380,Fetch Request,007d42380,0,3532602762400
0,000000000,Eviction (clean),3c0b0e380,15,3532602762319
0,001141620,Fetch Request,007d41620,0,3532602762400
0,000000000,Eviction (clean),3c0919600,15,3532602762330
0,00113fb94,Fetch Request,007d3fb94,0,3532602762400
0,000000000,Eviction (clean),3c0babb80,15,3532602762333
0,0010f5654,Fetch Request,007cf5654,0,3532602762400
0,000000000,Eviction (clean),3c0b75640,15,3532602762353
0,00104af7c,Fetch Request,007c4af7c,0,3532602762400
0,000000000,Eviction (clean),3c0baaf40,15,3532602762358
0,00104af80,Fetch Request,007c4af80,0,3532602762400
0,000000000,Eviction (clean),3c0baaf80,15,3532602762359
0,00104af8c,Write Request,008103910,0,3532602762400
0,000000000,Eviction (dirty),3c20cb900,15,3532602762362
0,001141640,Fetch Request,007d41640,0,3532602762400
0,000000000,Eviction (clean),3c0919640,15,3532602762367
0,001008a80,Fetch Request,007c08a80,0,3532602762400
0,000000000,Eviction (clean),3c0a1ca80,15,3532602762381
0,001008aac,Read Request,009062b20,0,3532602762400
0,000000000,Eviction (dirty),3e654ab00,15,3532602762392
0,001008ac0,Fetch Request,007c08ac0,0,3532602762400
0,000000000,Eviction (clean),3c0bacac0,15,3532602762397
0,001141654,Read Request,029dc4448,0,3532602762400
0,000000000,Eviction (dirty),3c55bc440,15,3532602762399
0,0012970c0,Fetch Request,007e970c0,0,3532602762500
0,000000000,Eviction (clean),3c19830c0,4,3532602762402
0,001297110,Fetch Request,007e97110,0,3532602762500
0,000000000,Eviction (clean),007eeb100,4,3532602762410
0,001297140,Fetch Request,007e97140,0,3532602762500
0,000000000,Eviction (clean),007eeb140,4,3532602762422
0,001297180,Fetch Request,007e97180,0,3532602762500
0,000000000,Eviction (clean),3c1983180,4,3532602762477
0,ffffffff78d3fcfc,Read Request,3be90b2b0,0,3532602762500
0,000000000,Eviction (dirty),39e353280,7,3532602762418
0,001008c78,Read Request,0075fe3f0,0,3532602762500
0,000000000,Eviction (writable),37df423c0,8,3532602762419
0,ffffffff78d3fd04,Read Request,35707e340,0,3532602762500
0,000000000,Eviction (writable),37d7fa340,8,3532602762457
0,ffffffff78d3fd1c,Read Request,3570e62b8,0,3532602762500
0,000000000,Eviction (writable),357af6280,8,3532602762463
0,001008c78,Read Request,0075c5710,0,3532602762500
0,000000000,Eviction (writable),394725700,9,3532602762437
0,ffffffff78d3fd04,Read Request,394ee2488,0,3532602762500
0,000000000,Eviction (writable),395656480,9,3532602762475
0,ffffffff78d3fd1c,Read Request,394ee73d0,0,3532602762500
0,000000000,Eviction (writable),394c9b3c0,9,3532602762481
0,ffffffff788f58a8,Read Request,39e1d05c0,0,3532602762500
0,000000000,Eviction (writable),04a0705c0,10,3532602762404
0,ffffffff788f58b0,Read Request,39e1d0600,0,3532602762500
0,000000000,Eviction (clean),381680600,10,3532602762406
0,001008aac,Read Request,009125e10,0,3532602762500
0,000000000,Eviction (writable),0090fde00,11,3532602762417
0,001130b68,Read Request,03f4e7870,0,3532602762500
0,000000000,Eviction (writable),03bcbf840,11,3532602762424
0,00103bf2c,Read Request,008139044,0,3532602762500
0,000000000,Eviction (dirty),3c5525040,11,3532602762458
0,00103bf40,Fetch Request,007c3bf40,0,3532602762500
0,000000000,Eviction (clean),3c1a17f40,11,3532602762463
0,00103c1ac,Write Request,03a8133d0,0,3532602762500
0,000000000,Eviction (writable),35513b3c0,11,3532602762474
0,00103c128,Write Request,03a8133b8,0,3532602762500
0,000000000,Eviction (dirty),3c5527380,11,3532602762477
0,00103c148,Write Request,03a813378,0,3532602762500
0,000000000,Eviction (dirty),3c5527340,11,3532602762485
0,00103c168,Write Request,03a813338,0,3532602762500
0,000000000,Eviction (dirty),3c5527300,11,3532602762493
0,ffffffff78d3ff7c,Read Request,35682a668,0,3532602762500
0,000000000,Eviction (writable),37c502640,12,3532602762483
0,0012f2674,Read Request,113bac680,0,3532602762500
0,000000000,Eviction (writable),35cb90680,13,3532602762450
0,001141678,Read Request,029dc4424,0,3532602762500
0,000000000,Eviction (writable),0275c0400,15,3532602762406
0,001141680,Fetch Request,007d41680,0,3532602762500
0,000000000,Eviction (clean),3c0b75680,15,3532602762408
0,001141554,Fetch Request,007d41554,0,3532602762500
0,000000000,Eviction (clean),3c0b75540,15,3532602762414
0,0011415a0,Fetch Request,007d415a0,0,3532602762500
0,000000000,Eviction (clean),3c0b75580,15,3532602762417
0,0011416c0,Fetch Request,007d416c0,0,3532602762500
0,000000000,Eviction (clean),3c0b756c0,15,3532602762424
0,00119c7c8,Fetch Request,007d9c7c8,0,3532602762500
0,000000000,Eviction (clean),3c080c7c0,15,3532602762425
0,00119c7d0,Read Request,029dc4668,0,3532602762500
0,000000000,Eviction (dirty),3c55bc640,15,3532602762427
0,00119c800,Fetch Request,007d9c800,0,3532602762500
0,000000000,Eviction (clean),3c080c800,15,3532602762434
0,0011416e0,Write Request,029dc46a9,0,3532602762500
0,000000000,Eviction (writable),3be140680,15,3532602762443
0,0010f59e0,Fetch Request,007cf59e0,0,3532602762500
0,000000000,Eviction (clean),3c09199c0,15,3532602762446
0,0010f59e8,Read Request,029dc45b0,0,3532602762500
0,000000000,Eviction (writable),0075e4580,15,3532602762448
0,0010f5628,Fetch Request,007cf5628,0,3532602762500
0,000000000,Eviction (clean),3c08b5600,15,3532602762454
0,0010f5630,Read Request,0275c0118,0,3532602762500
0,000000000,Eviction (writable),3be1e8100,15,3532602762456
0,0011416f0,Read Request,0081584c0,0,3532602762500
0,000000000,Eviction (writable),36c3bc4c0,15,3532602762467
0,0012c7c80,Fetch Request,007ec7c80,0,3532602762500
0,000000000,Eviction (clean),361503c80,15,3532602762470
0,0012c7c8c,Read Request,00813a1d0,0,3532602762500
0,000000000,Eviction (writable),00758e1c0,15,3532602762473
0,0012c7c90,Write Request,029dc4608,0,3532602762500
0,000000000,Eviction (writable),00758c600,15,3532602762474
0,0012c7c94,Read Request,0c88bd214,0,3532602762500
0,000000000,Eviction (dirty),3c55bd200,15,3532602762475
0,0012c7cc0,Fetch Request,007ec7cc0,0,3532602762500
0,000000000,Eviction (clean),3c0843cc0,15,3532602762479
0,0012c7cc0,Read Request,029dc45d0,0,3532602762500
0,000000000,Eviction (dirty),3c55bc5c0,15,3532602762479
0,0012c7d0c,Fetch Request,007ec7d0c,0,3532602762500
0,000000000,Eviction (clean),3c0b73d00,15,3532602762483
0,0012c7d14,Read Request,008158b48,0,3532602762500
0,000000000,Eviction (writable),0075e4b40,15,3532602762485
0,0012c7df8,Fetch Request,007ec7df8,0,3532602762500
0,000000000,Eviction (clean),361503dc0,15,3532602762493
0,0012c7e00,Fetch Request,007ec7e00,0,3532602762500
0,000000000,Eviction (clean),3c0b73e00,15,3532602762495
0,ffffffff78d3ff7c,Read Request,3784b16f8,0,3532602762600
0,000000000,Eviction (dirty),021bf16c0,3,3532602762539
0,ffffffff78d3fff0,Read Request,3784b4650,0,3532602762600
0,000000000,Eviction (writable),378d00640,3,3532602762568
0,00104c4c0,Fetch Request,007c4c4c0,0,3532602762600
0,000000000,Eviction (clean),3c43f84c0,4,3532602762559
0,001008c78,Read Request,0075affd0,0,3532602762600
0,000000000,Eviction (clean),381743fc0,7,3532602762508
0,ffffffff78d3fd04,Read Request,397ffafc8,0,3532602762600
0,000000000,Eviction (dirty),39e352fc0,7,3532602762546
0,ffffffff78d3fd1c,Read Request,397ffe210,0,3532602762600
0,000000000,Eviction (clean),0075fa200,7,3532602762552
0,ffffffff78d3fd84,Read Request,39e356300,0,3532602762600
0,000000000,Eviction (clean),383ed2300,7,3532602762578
0,ffffffff78d3fd8c,Read Request,39e356340,0,3532602762600
0,000000000,Eviction (writable),397c46340,7,3532602762580
0,ffffffff78d3fd94,Read Request,39e356380,0,3532602762600
0,000000000,Eviction (clean),37f592380,7,3532602762582
0,ffffffff78d3fd8c,Read Request,3c5419300,0,3532602762600
0,000000000,Eviction (writable),381639300,8,3532602762554
0,ffffffff78d3fd94,Read Request,3c5419340,0,3532602762600
0,000000000,Eviction (writable),383edd340,8,3532602762556
0,ffffffff78d3fd8c,Read Request,3c5fa1400,0,3532602762600
0,000000000,Eviction (writable),3702c9400,9,3532602762572
0,ffffffff78d3fd94,Read Request,3c5fa1440,0,3532602762600
0,000000000,Eviction (writable),3702c9440,9,3532602762574
0,00103c188,Write Request,03a8132f8,0,3532602762600
0,000000000,Eviction (dirty),00185f2c0,11,3532602762501
0,00103c1ac,Write Request,03a8134d0,0,3532602762600
0,000000000,Eviction (dirty),3c55274c0,11,3532602762510
0,00103c128,Write Request,03a8134b8,0,3532602762600
0,000000000,Eviction (dirty),3c5527480,11,3532602762513
0,00103c148,Write Request,03a813478,0,3532602762600
0,000000000,Eviction (clean),37b463440,11,3532602762521
0,00103c168,Write Request,03a813438,0,3532602762600
0,000000000,Eviction (clean),007587400,11,3532602762529
0,00103c1ac,Write Request,03a8135d0,0,3532602762600
0,000000000,Eviction (writable),00903b5c0,11,3532602762546
0,00103c128,Write Request,03a8135b8,0,3532602762600
0,000000000,Eviction (writable),3551b3580,11,3532602762549
0,00103c148,Write Request,03a813578,0,3532602762600
0,000000000,Eviction (writable),04c193540,11,3532602762557
0,00103c168,Write Request,03a813538,0,3532602762600
0,000000000,Eviction (dirty),04c193500,11,3532602762565
0,0012f2674,Read Request,113bac6c0,0,3532602762600
0,000000000,Eviction (writable),37e7ec6c0,13,3532602762578
0,ffffffff78d3fcfc,Read Request,3be88e5b0,0,3532602762600
0,000000000,Eviction (writable),383ef6580,14,3532602762534
0,0012c7e40,Fetch Request,007ec7e40,0,3532602762600
0,000000000,Eviction (clean),3c0b2be40,15,3532602762504
0,0010637e0,Fetch Request,007c637e0,0,3532602762600
0,000000000,Eviction (clean),3c0b737c0,15,3532602762505
0,001063800,Fetch Request,007c63800,0,3532602762600
0,000000000,Eviction (clean),3c0b73800,15,3532602762511
0,001063880,Fetch Request,007c63880,0,3532602762600
0,000000000,Eviction (clean),3c0b73880,15,3532602762521
0,001063884,Read Request,029dc44b0,0,3532602762600
0,000000000,Eviction (writable),3bbbb8480,15,3532602762522
0,00106389c,Read Request,0080352d2,0,3532602762600
0,000000000,Eviction (dirty),3c55bd2c0,15,3532602762528
0,0010638c0,Fetch Request,007c638c0,0,3532602762600
0,000000000,Eviction (clean),3c0b738c0,15,3532602762535
0,001063900,Fetch Request,007c63900,0,3532602762600
0,000000000,Eviction (clean),3c0b73900,15,3532602762550
0,001008aac,Read Request,009042170,0,3532602762600
0,000000000,Eviction (writable),383eda140,15,3532602762573
0,001063928,Read Request,027c6e048,0,3532602762600
0,000000000,Eviction (writable),00754a040,15,3532602762580
0,001063930,Read Request,008d73ba0,0,3532602762600
0,000000000,Eviction (writable),007593b80,15,3532602762582
0,001063938,Read Request,008040c40,0,3532602762600
0,000000000,Eviction (dirty),3c55bcc40,15,3532602762584
0,001063940,Fetch Request,007c63940,0,3532602762600
0,000000000,Eviction (clean),3c0b73940,15,3532602762586
0,001063980,Fetch Request,007c63980,0,3532602762600
0,000000000,Eviction (clean),3c0bab980,15,3532602762593
0,00105a72c,Fetch Request,007c5a72c,0,3532602762600
0,000000000,Eviction (clean),3c0a1a700,15,3532602762596
0,00105a734,Read Request,024a591c0,0,3532602762600
0,000000000,Eviction (writable),01c09d1c0,15,3532602762598
0,ffffffff78d3ff7c,Read Request,37c4e7520,0,3532602762661
0,000000000,Eviction (writable),357183500,0,3532602762661
0,ffffffff78d3fff0,Read Request,37c4ecd78,0,3532602762690
0,000000000,Eviction (writable),007584d40,0,3532602762690
0,ffffffff78a71f10,Read Request,383eea910,0,3532602762700
0,000000000,Eviction (writable),378556900,3,3532602762693
0,00114b080,Fetch Request,007d4b080,0,3532602762700
0,000000000,Eviction (clean),007e97080,4,3532602762650
0,00106dc90,Fetch Request,007c6dc90,0,3532602762700
0,000000000,Eviction (clean),007e11c80,11,3532602762614
0,00131ea80,Fetch Request,007f1ea80,0,3532602762700
0,000000000,Eviction (clean),007d76a80,11,3532602762623
0,0011369c8,Fetch Request,007d369c8,0,3532602762700
0,000000000,Eviction (clean),007f2a9c0,11,3532602762630
0,00131eac0,Fetch Request,007f1eac0,0,3532602762700
0,000000000,Eviction (clean),3614caac0,11,3532602762650
0,00131eb00,Fetch Request,007f1eb00,0,3532602762700
0,000000000,Eviction (clean),007d3ab00,11,3532602762660
0,00131eb84,Fetch Request,007f1eb84,0,3532602762700
0,000000000,Eviction (clean),007d36b80,11,3532602762663
0,00131ebc0,Fetch Request,007f1ebc0,0,3532602762700
0,000000000,Eviction (clean),007d36bc0,11,3532602762678
0,00131ec00,Fetch Request,007f1ec00,0,3532602762700
0,000000000,Eviction (clean),3e96e6c00,11,3532602762694
0,ffffffff78a71f10,Read Request,383ee05c0,0,3532602762700
0,000000000,Eviction (writable),3573705c0,12,3532602762608
0,ffffffff78a71fcc,Read Request,383ecb740,0,3532602762700
0,000000000,Eviction (writable),37ccdf740,12,3532602762652
0,001008c78,Read Request,0075b1500,0,3532602762700
0,000000000,Eviction (dirty),3c5505500,14,3532602762624
0,ffffffff78d3fd04,Read Request,3722a0980,0,3532602762700
0,000000000,Eviction (writable),3be978980,14,3532602762662
0,ffffffff78d3fd1c,Read Request,3722a3578,0,3532602762700
0,000000000,Eviction (writable),3be99b540,14,3532602762668
0,ffffffff78d3fd8c,Read Request,3c5506480,0,3532602762700
0,000000000,Eviction (writable),37f522480,14,3532602762696
0,ffffffff78d3fd94,Read Request,3c55064c0,0,3532602762700
0,000000000,Eviction (dirty),3c55024c0,14,3532602762698
0,00105a740,Fetch Request,007c5a740,0,3532602762700
0,000000000,Eviction (clean),3c0baa740,15,3532602762601
0,001063990,Read Request,027c6e0e0,0,3532602762700
0,000000000,Eviction (writable),0075ee0c0,15,3532602762605
0,001008aac,Read Request,00903d100,0,3532602762700
0,000000000,Eviction (writable),36c8ad100,15,3532602762628
0,00106399c,Read Request,025a5c1a0,0,3532602762700
0,000000000,Eviction (dirty),0275c0180,15,3532602762635
0,001008aac,Read Request,0090dec90,0,3532602762700
0,000000000,Eviction (dirty),2d37a6c80,15,3532602762659
0,0010639ac,Read Request,02be6e598,0,3532602762700
0,0010639c0,Fetch Request,007c639c0,0,3532602762700
0,000000000,Eviction (clean),3c0bab9c0,15,3532602762671
0,001063aa4,Fetch Request,007c63aa4,0,3532602762700
0,000000000,Eviction (clean),3e7f53a80,15,3532602762677
0,001063ac0,Fetch Request,007c63ac0,0,3532602762700
0,000000000,Eviction (clean),3e7f53ac0,15,3532602762684
0,00114b174,Fetch Request,007d4b174,0,3532602762700
0,000000000,Eviction (clean),361433140,15,3532602762693
0,00114b180,Fetch Request,007d4b180,0,3532602762700
0,000000000,Eviction (clean),361433180,15,3532602762696
0,00114b18c,Read Request,029dc4710,0,3532602762700
0,000000000,Eviction (dirty),3c55bc700,15,3532602762699
0,001008c78,Read Request,0075e55a0,0,3532602762800
0,000000000,Eviction (writable),0246e9580,3,3532602762728
0,ffffffff78a71e40,Read Request,3816b5770,0,3532602762800
0,000000000,Eviction (writable),02eaa5740,3,3532602762766
0,0010075c0,Fetch Request,007c075c0,0,3532602762800
0,000000000,Eviction (clean),3c22075c0,4,3532602762708
0,fffffffd622038bc,Fetch Request,3e26e38bc,0,3532602762800
0,000000000,Eviction (clean),3c2207880,4,3532602762751
0,ffffffff78920c80,Fetch Request,3c0920c80,0,3532602762800
0,000000000,Eviction (clean),3f12f4c80,4,3532602762794
0,ffffffff78d3ff7c,Read Request,37af3e1c8,0,3532602762800
0,000000000,Eviction (dirty),3a12621c0,5,3532602762765
0,00131ec70,Fetch Request,007f1ec70,0,3532602762800
0,000000000,Eviction (clean),007d76c40,11,3532602762702
0,0012d4c00,Fetch Request,007ed4c00,0,3532602762800
0,000000000,Eviction (clean),3c0958c00,11,3532602762718
0,0012cf368,Read Request,00816e888,0,3532602762800
0,000000000,Eviction (writable),3c20be880,11,3532602762777
0,0012cf384,Read Request,00816ecf8,0,3532602762800
0,000000000,Eviction (writable),04687ecc0,11,3532602762784
0,0012cf39c,Read Request,00816ef28,0,3532602762800
0,000000000,Eviction (writable),007592f00,11,3532602762790
0,0012cf3c0,Read Request,00816e900,0,3532602762800
0,000000000,Eviction (writable),0075d6900,11,3532602762799
0,ffffffff78a71e40,Read Request,37d4c94c8,0,3532602762800
0,000000000,Eviction (dirty),39e3894c0,12,3532602762729
0,0012f2674,Read Request,113bac700,0,3532602762800
0,000000000,Eviction (clean),00758c700,13,3532602762706
0,00114b1ec,Fetch Request,007d4b1ec,0,3532602762800
0,000000000,Eviction (clean),3614331c0,15,3532602762700
0,00114b1f4,Write Request,081b5b878,0,3532602762800
0,000000000,Eviction (dirty),36f4a7840,15,3532602762702
0,00114b20c,Fetch Request,007d4b20c,0,3532602762800
0,000000000,Eviction (clean),361433200,15,3532602762703
0,001298990,Fetch Request,007e98990,0,3532602762800
0,000000000,Eviction (clean),3c0a1c980,15,3532602762706
0,0012989c8,Fetch Request,007e989c8,0,3532602762800
0,000000000,Eviction (clean),3c0a1c9c0,15,3532602762712
0,00114b118,Fetch Request,007d4b118,0,3532602762800
0,000000000,Eviction (clean),361433100,15,3532602762719
0,001001500,Fetch Request,007c01500,0,3532602762800
0,000000000,Eviction (clean),3c0b75500,15,3532602762720
0,00100152c,Write Request,3f9fb6dc0,0,3532602762800
0,000000000,Eviction (clean),0075d6dc0,15,3532602762731
0,001001540,Fetch Request,007c01540,0,3532602762800
0,000000000,Eviction (clean),3c0919540,15,3532602762736
0,00114b120,Read Request,008035fec,0,3532602762800
0,000000000,Eviction (dirty),0c8721fc0,15,3532602762747
0,00114b0c0,Fetch Request,007d4b0c0,0,3532602762800
0,000000000,Eviction (clean),3614330c0,15,3532602762759
0,001022500,Fetch Request,007c22500,0,3532602762800
0,000000000,Eviction (clean),3c0b72500,15,3532602762778
0,00114b240,Fetch Request,007d4b240,0,3532602762800
0,000000000,Eviction (clean),361433240,15,3532602762782
0,001063b00,Fetch Request,007c63b00,0,3532602762800
0,000000000,Eviction (clean),3e7f53b00,15,3532602762790
0,00104af20,Fetch Request,007c4af20,0,3532602762800
0,000000000,Eviction (clean),3c0baaf00,15,3532602762794
0,ffffffff78a71f10,Read Request,383edee50,0,3532602762815
0,000000000,Eviction (writable),383ecae40,0,3532602762815
0,ffffffff78920ccc,Fetch Request,3c0920ccc,0,3532602762900
0,000000000,Eviction (clean),007ed4cc0,4,3532602762805
0,ffffffff78920d18,Fetch Request,3c0920d18,0,3532602762900
0,000000000,Eviction (clean),007ed4d00,4,3532602762811
0,ffffffff78920d18,Write Request,3e27469a8,0,3532602762900
0,000000000,Eviction (dirty),035bda980,4,3532602762811
0,ffffffff78920d5c,Fetch Request,3c0920d5c,0,3532602762900
0,000000000,Eviction (clean),007d3cd40,4,3532602762819
0,ffffffff78a3d580,Fetch Request,3c0a3d580,0,3532602762900
0,000000000,Eviction (clean),007f3d580,4,3532602762851
0,ffffffff78a3d5c0,Fetch Request,3c0a3d5c0,0,3532602762900
0,000000000,Eviction (clean),007f3d5c0,4,3532602762867
0,ffffffff78a3d978,Fetch Request,3c0a3d978,0,3532602762900
0,000000000,Eviction (clean),007ec9940,4,3532602762876
0,ffffffff78a3d980,Fetch Request,3c0a3d980,0,3532602762900
0,000000000,Eviction (clean),007ec9980,4,3532602762878
0,ffffffff78a3d9d0,Fetch Request,3c0a3d9d0,0,3532602762900
0,000000000,Eviction (clean),3c0a319c0,4,3532602762888
0,ffffffff78a3d600,Fetch Request,3c0a3d600,0,3532602762900
0,000000000,Eviction (clean),007f3d600,4,3532602762890
0,ffffffff78a3da90,Fetch Request,3c0a3da90,0,3532602762900
0,000000000,Eviction (clean),3c1949a80,4,3532602762897
0,001008cfc,Read Request,007547070,0,3532602762900
0,000000000,Eviction (dirty),3bd233040,5,3532602762878
0,ffffffff78a71efc,Read Request,383ec8e74,0,3532602762900
0,000000000,Eviction (dirty),3c6cece40,5,3532602762885
0,ffffffff78a71f10,Read Request,383ee2780,0,3532602762900
0,000000000,Eviction (writable),3558ea780,5,3532602762890
0,00104afe4,Write Request,008161838,0,3532602762900
0,000000000,Eviction (clean),37a5c9800,11,3532602762815
0,001008aac,Read Request,00902cbd0,0,3532602762900
0,000000000,Eviction (dirty),36fe94bc0,11,3532602762842
0,0012cf438,Read Request,0229a6c28,0,3532602762900
0,000000000,Eviction (writable),04687ec00,11,3532602762849
0,0012cf448,Read Request,04ac4db08,0,3532602762900
0,000000000,Eviction (clean),37ad69b00,11,3532602762853
0,0012cf468,Read Request,04ac4db58,0,3532602762900
0,000000000,Eviction (dirty),02204db40,11,3532602762861
0,0012f2674,Read Request,113bac740,0,3532602762900
0,000000000,Eviction (clean),37b618740,13,3532602762834
0,001063b18,Read Request,0080ed8e0,0,3532602762900
0,000000000,Eviction (clean),395c398c0,15,3532602762804
0,001063b40,Fetch Request,007c63b40,0,3532602762900
0,000000000,Eviction (clean),3e7f53b40,15,3532602762810
0,00104aea8,Fetch Request,007c4aea8,0,3532602762900
0,000000000,Eviction (clean),361432e80,15,3532602762818
0,001063b88,Fetch Request,007c63b88,0,3532602762900
0,000000000,Eviction (clean),007c4bb80,15,3532602762827
0,001063ba8,Read Request,03296c618,0,3532602762900
0,000000000,Eviction (writable),3be1e8600,15,3532602762835
0,001063bc0,Fetch Request,007c63bc0,0,3532602762900
0,000000000,Eviction (clean),3c0babbc0,15,3532602762841
0,0010636f0,Fetch Request,007c636f0,0,3532602762900
0,000000000,Eviction (clean),3c0b736c0,15,3532602762851
0,001063700,Fetch Request,007c63700,0,3532602762900
0,000000000,Eviction (clean),3c0b73700,15,3532602762855
0,001063740,Fetch Request,007c63740,0,3532602762900
0,000000000,Eviction (clean),3c0b73740,15,3532602762869
0,001008aac,Read Request,009063b20,0,3532602762900
0,000000000,Eviction (clean),3e047bb00,15,3532602762891
0,001063748,Write Request,02d7c4d14,0,3532602762900
0,000000000,Eviction (dirty),3c55bcd00,15,3532602762898
0,00106374c,Read Request,0080bfca4,0,3532602762900
0,000000000,Eviction (clean),008d73c80,15,3532602762899
0,ffffffff78a71e40,Read Request,357315bc0,0,3532602762916
0,000000000,Eviction (writable),357385bc0,0,3532602762916
0,ffffffff78a3dae4,Fetch Request,3c0a3dae4,0,3532602763000
0,000000000,Eviction (clean),3c0a31ac0,4,3532602762906
0,ffffffff78a3d640,Fetch Request,3c0a3d640,0,3532602763000
0,000000000,Eviction (clean),007ed1640,4,3532602762919
0,ffffffff78a3da00,Fetch Request,3c0a3da00,0,3532602763000
0,000000000,Eviction (clean),007c05a00,4,3532602762923
0,ffffffff78a3da48,Fetch Request,3c0a3da48,0,3532602763000
0,000000000,Eviction (clean),007c05a40,4,3532602762929
0,ffffffff78b6aa40,Fetch Request,3c0b6aa40,0,3532602763000
0,000000000,Eviction (clean),007f1ea40,4,3532602762968
0,ffffffff78b20f00,Fetch Request,3c0b20f00,0,3532602763000
0,000000000,Eviction (clean),3c0958f00,4,3532602762972
0,ffffffff78b20f40,Fetch Request,3c0b20f40,0,3532602763000
0,000000000,Eviction (clean),3c08e4f40,4,3532602762988
0,ffffffff78926da0,Fetch Request,3c0926da0,0,3532602763000
0,000000000,Eviction (clean),007c5ad80,4,3532602762998
0,ffffffff78a71e40,Read Request,355ae6218,0,3532602763000
0,000000000,Eviction (dirty),3a1262200,5,3532602762900
0,ffffffff789d49fc,Write Request,3c6cece60,0,3532602763000
0,000000000,Eviction (writable),37af38e40,5,3532602762912
0,ffffffff789d4a50,Read Request,3bd233060,0,3532602763000
0,000000000,Eviction (dirty),3a1263040,5,3532602762933
0,ffffffff789c0488,Read Request,39e1d0640,0,3532602763000
0,000000000,Eviction (writable),391768640,10,3532602762950
0,ffffffff789c0490,Read Request,39e1d0680,0,3532602763000
0,000000000,Eviction (writable),04a070680,10,3532602762952
0,0012c98cc,Fetch Request,007ec98cc,0,3532602763000
0,000000000,Eviction (clean),3c12398c0,11,3532602762905
0,001008aac,Read Request,0091681c0,0,3532602763000
0,000000000,Eviction (writable),0075c01c0,11,3532602762934
0,00104b0f0,Read Request,0491a15a0,0,3532602763000
0,000000000,Eviction (dirty),3a69f9580,11,3532602762941
0,0012c9900,Fetch Request,007ec9900,0,3532602763000
0,000000000,Eviction (clean),3c1949900,11,3532602762958
0,0012c9900,Read Request,04a19c4b0,0,3532602763000
0,000000000,Eviction (writable),3562ac480,11,3532602762985
0,0012c990c,Read Request,04a19c500,0,3532602763000
0,000000000,Eviction (dirty),3c5528500,11,3532602762988
0,0012c8878,Fetch Request,007ec8878,0,3532602763000
0,000000000,Eviction (clean),007d74840,11,3532602762993
0,0012c8880,Fetch Request,007ec8880,0,3532602763000
0,000000000,Eviction (clean),007d74880,11,3532602762995
0,ffffffff789d4a9c,Read Request,39e38aa00,0,3532602763000
0,000000000,Eviction (writable),37df42a00,12,3532602762907
0,0012f2674,Read Request,113bac780,0,3532602763000
0,000000000,Eviction (clean),007588780,13,3532602762962
0,001063780,Fetch Request,007c63780,0,3532602763000
0,000000000,Eviction (clean),3c0b73780,15,3532602762910
0,0010637c8,Read Request,027c6e000,0,3532602763000
0,000000000,Eviction (dirty),3c5496000,15,3532602762920
0,0010159a8,Fetch Request,007c159a8,0,3532602763000
0,000000000,Eviction (clean),3c0919980,15,3532602762924
0,0010159ac,Read Request,0080b82d0,0,3532602763000
0,000000000,Eviction (dirty),3c55bc2c0,15,3532602762925
0,0010159c0,Fetch Request,007c159c0,0,3532602763000
0,000000000,Eviction (clean),3c0bad9c0,15,3532602762930
0,0010159c8,Read Request,00808fbe8,0,3532602763000
0,000000000,Eviction (dirty),04053bbc0,15,3532602762932
0,0010159cc,Read Request,027c6eb34,0,3532602763000
0,000000000,Eviction (clean),00758eb00,15,3532602762933
0,0010159f0,Read Request,008091598,0,3532602763000
0,000000000,Eviction (dirty),3c55bd580,15,3532602762942
0,001015a00,Fetch Request,007c15a00,0,3532602763000
0,000000000,Eviction (clean),3c0919a00,15,3532602762946
0,001020090,Fetch Request,007c20090,0,3532602763000
0,000000000,Eviction (clean),3c0b2c080,15,3532602762947
0,0010200a4,Read Request,0080c3570,0,3532602763000
0,000000000,Eviction (dirty),081b5b540,15,3532602762952
0,0010200c0,Fetch Request,007c200c0,0,3532602763000
0,000000000,Eviction (clean),3615040c0,15,3532602762959
1000,ffffffff789d4b20,Write Request,3e8e0edfd,0,3532602763100
1000,000000000,Eviction (dirty),3c510edc0,3,3532602763040
1000,ffffffff78926dc0,Fetch Request,3c0926dc0,0,3532602763100
1000,000000000,Eviction (clean),007c5adc0,4,3532602763006
1000,ffffffff78926e28,Fetch Request,3c0926e28,0,3532602763100
1000,000000000,Eviction (clean),007f1ae00,4,3532602763016
1000,ffffffff78926e40,Fetch Request,3c0926e40,0,3532602763100
1000,000000000,Eviction (clean),007c5ae40,4,3532602763091
1000,ffffffff78d3ff7c,Read Request,36e2559a0,0,3532602763100
1000,000000000,Eviction (dirty),0c9a91980,6,3532602763016
1000,0012c88a4,Read Request,00816eba8,0,3532602763100
1000,000000000,Eviction (clean),0080f6b80,11,3532602763026
1000,0012c88a4,Read Request,00816ed88,0,3532602763100
1000,000000000,Eviction (dirty),3c6e9ad80,11,3532602763037
1000,0012c88a4,Read Request,00816ec58,0,3532602763100
1000,0012c88a4,Read Request,00816ec20,0,3532602763100
1000,000000000,Eviction (dirty),3c6e9ac00,11,3532602763081
1000,0012c88a4,Read Request,00816ef58,0,3532602763100
1000,000000000,Eviction (writable),37afaef40,11,3532602763092
1000,0012f2674,Read Request,113bac7c0,0,3532602763100
1000,000000000,Eviction (dirty),39e2907c0,13,3532602763090
1000,00104bb60,Fetch Request,007c4bb60,0,3532602763100
1000,000000000,Eviction (clean),3c0babb40,15,3532602763012
1000,00104bb80,Fetch Request,007c4bb80,0,3532602763100
1000,000000000,Eviction (clean),007d3fb80,15,3532602763020
1000,001020100,Fetch Request,007c20100,0,3532602763100
1000,000000000,Eviction (clean),3c0bac100,15,3532602763024
1000,001020120,Read Request,00809807c,0,3532602763100
1000,000000000,Eviction (clean),0275c0040,15,3532602763032
1000,001020140,Fetch Request,007c20140,0,3532602763100
1000,000000000,Eviction (clean),3c0bac140,15,3532602763036
1000,001020148,Upgrade Request,00809807c,0,3532602763100
1000,00102018c,Fetch Request,007c2018c,0,3532602763100
1000,000000000,Eviction (clean),3c08e8180,15,3532602763049
1000,0012945a4,Fetch Request,007e945a4,0,3532602763100
1000,000000000,Eviction (clean),3c08f4580,15,3532602763052
1000,0012945c0,Fetch Request,007e945c0,0,3532602763100
1000,000000000,Eviction (clean),3c08f45c0,15,3532602763059
1000,00128da58,Fetch Request,007e8da58,0,3532602763100
1000,000000000,Eviction (clean),3c0919a40,15,3532602763063
1000,00128da80,Fetch Request,007e8da80,0,3532602763100
1000,000000000,Eviction (clean),3c0919a80,15,3532602763073
1000,00128da80,Read Request,0275c02d8,0,3532602763100
1000,000000000,Eviction (writable),3815cc2c0,15,3532602763073
1000,001298864,Fetch Request,007e98864,0,3532602763100
1000,000000000,Eviction (clean),3c080c840,15,3532602763077
1000,00128daa0,Read Request,0080dbbc8,0,3532602763100
1000,000000000,Eviction (dirty),081b5bbc0,15,3532602763092
1000,001299248,Fetch Request,007e99248,0,3532602763100
1000,000000000,Eviction (clean),3c0bad240,15,3532602763095
1000,001000c00,Fetch Request,007c00c00,0,3532602763200
1000,000000000,Eviction (clean),361440c00,1,3532602763102
1000,00100b828,Fetch Request,007c0b828,0,3532602763200
1000,000000000,Eviction (clean),007c63800,1,3532602763106
1000,00100b844,Fetch Request,007c0b844,0,3532602763200
1000,000000000,Eviction (clean),3c0b3b840,1,3532602763112
1000,00100b8a4,Fetch Request,007c0b8a4,0,3532602763200
1000,000000000,Eviction (clean),007c63880,1,3532602763117
1000,00100b8c0,Fetch Request,007c0b8c0,0,3532602763200
1000,000000000,Eviction (clean),3c0acb8c0,1,3532602763124
1000,00100b570,Fetch Request,007c0b570,0,3532602763200
1000,000000000,Eviction (clean),007c07540,1,3532602763127
1000,00100b580,Fetch Request,007c0b580,0,3532602763200
1000,000000000,Eviction (clean),0057d3580,1,3532602763131
1000,00100b588,Read Request,00808fbe8,0,3532602763200
1000,000000000,Eviction (writable),3559efbc0,1,3532602763133
1000,00100b58c,Read Request,00849e282,0,3532602763200
1000,000000000,Eviction (writable),37ed1e280,1,3532602763134
1000,00100b598,Read Request,027c6eb18,0,3532602763200
1000,000000000,Eviction (writable),37b576b00,1,3532602763137
1000,00100b5a0,Upgrade Request,027c6eb18,0,3532602763200
1000,00100b5c8,Fetch Request,007c0b5c8,0,3532602763200
1000,000000000,Eviction (clean),0057d35c0,1,3532602763140
1000,00100b5cc,Write Request,027c6ea98,0,3532602763200
1000,000000000,Eviction (writable),007592a80,1,3532602763141
1000,0010009a0,Fetch Request,007c009a0,0,3532602763200
1000,000000000,Eviction (clean),3614dc980,1,3532602763147
1000,00100abe4,Fetch Request,007c0abe4,0,3532602763200
1000,000000000,Eviction (clean),3c0b3abc0,1,3532602763149
1000,00100ac00,Fetch Request,007c0ac00,0,3532602763200
1000,000000000,Eviction (clean),3c0b3ac00,1,3532602763156
1000,00100ac30,Read Request,027c6e000,0,3532602763200
1000,000000000,Eviction (writable),355b52000,1,3532602763166
1000,00100ac3c,Read Request,00849e2c0,0,3532602763200
1000,000000000,Eviction (clean),0075922c0,1,3532602763169
1000,00100ac40,Fetch Request,007c0ac40,0,3532602763200
1000,000000000,Eviction (clean),3c0b3ac40,1,3532602763170
1000,00100ac64,Upgrade Request,00849e284,0,3532602763200
1000,00100ac8c,Fetch Request,007c0ac8c,0,3532602763200
1000,000000000,Eviction (clean),3c091ac80,1,3532602763185
1000,001007324,Read Request,00800e33c,0,3532602763200
1000,000000000,Eviction (writable),3541c2300,1,3532602763195
1000,ffffffff78d3fcfc,Read Request,3816b57c8,0,3532602763200
1000,000000000,Eviction (dirty),3c5e917c0,3,3532602763142
1000,ffffffff7de12100,Fetch Request,3c19fe100,0,3532602763200
1000,000000000,Eviction (clean),007cf6100,4,3532602763104
1000,ffffffff7de12144,Fetch Request,3c19fe144,0,3532602763200
1000,000000000,Eviction (clean),3c1156140,4,3532602763118
1000,ffffffff7de12188,Fetch Request,3c19fe188,0,3532602763200
1000,000000000,Eviction (clean),3c1156180,4,3532602763132
1000,ffffffff7de121c0,Fetch Request,3c19fe1c0,0,3532602763200
1000,000000000,Eviction (clean),007f221c0,4,3532602763146
1000,ffffffff7e121aa8,Fetch Request,3e9d11aa8,0,3532602763200
1000,000000000,Eviction (clean),007ed1a80,4,3532602763159
1000,ffffffff7e121ac0,Fetch Request,3e9d11ac0,0,3532602763200
1000,000000000,Eviction (clean),007ed1ac0,4,3532602763165
1000,001008c78,Read Request,0075f3e50,0,3532602763200
1000,000000000,Eviction (writable),2a9d67e40,4,3532602763198
1000,ffffffff78a71f10,Read Request,383f02c50,0,3532602763200
1000,000000000,Eviction (writable),383ed6c40,6,3532602763141
1000,ffffffff78a71f24,Write Request,3e9603702,0,3532602763200
1000,000000000,Eviction (clean),007547700,6,3532602763146
1000,ffffffff78a71e40,Read Request,39345a168,0,3532602763200
1000,000000000,Eviction (writable),383f02140,6,3532602763199
1000,0012c88a4,Read Request,00816e8e8,0,3532602763200
1000,000000000,Eviction (writable),3c20be8c0,11,3532602763136
1000,0012c88c0,Fetch Request,007ec88c0,0,3532602763200
1000,000000000,Eviction (clean),007e988c0,11,3532602763175
1000,0012c9920,Read Request,00815d080,0,3532602763200
1000,000000000,Eviction (clean),00758d080,11,3532602763177
1000,00104afe4,Write Request,008160e10,0,3532602763200
1000,000000000,Eviction (writable),3c5528e00,11,3532602763186
1000,0012c9940,Fetch Request,007ec9940,0,3532602763200
1000,000000000,Eviction (clean),007c01940,11,3532602763191
1000,00128db9c,Fetch Request,007e8db9c,0,3532602763200
1000,000000000,Eviction (clean),3c0ba9b80,15,3532602763100
1000,00104bb3c,Fetch Request,007c4bb3c,0,3532602763200
1000,000000000,Eviction (clean),3c0babb00,15,3532602763105
1000,001063c20,Fetch Request,007c63c20,0,3532602763200
1000,000000000,Eviction (clean),007c4bc00,15,3532602763125
1000,001064eec,Fetch Request,007c64eec,0,3532602763200
1000,000000000,Eviction (clean),3c0b74ec0,15,3532602763132
1000,001141700,Fetch Request,007d41700,0,3532602763200
1000,000000000,Eviction (clean),3c0b75700,15,3532602763135
1000,0010f5680,Fetch Request,007cf5680,0,3532602763200
1000,000000000,Eviction (clean),3c0919680,15,3532602763169
1000,0010f56c0,Fetch Request,007cf56c0,0,3532602763200
1000,000000000,Eviction (clean),3c09196c0,15,3532602763175
1000,001007340,Fetch Request,007c07340,0,3532602763300
